#T	b	b_err	U_xx	n_s	n_s_err	µ	µ_err
2	8.51422E-04	1.96353E-07	2.73230E-04	7.17948E+15	1.20026E+06	1.91166E+07	3.19590E-03
5	8.64040E-04	1.23789E-07	2.84912E-04	7.07464E+15	7.56695E+05	1.86044E+07	1.98991E-03
10	8.47763E-04	4.92802E-08	2.80024E-04	7.21046E+15	3.01239E+05	1.85726E+07	7.75930E-04
20	8.54649E-04	1.06144E-07	2.99456E-04	7.15237E+15	6.48836E+05	1.75085E+07	1.58830E-03
40	8.66678E-04	1.06173E-07	3.48808E-04	7.05310E+15	6.49008E+05	1.52428E+07	1.40260E-03
