#U_gate	b	b_err	U_xx	n_s	n_s_err	µ	µ_err
-200	1.87273E-03	5.87574E-07	2.16796E-03	3.26410E+15	3.59170E+06	5.29928E+06	5.83115E-03
-100	1.26965E-03	8.38966E-07	7.30876E-04	4.81451E+15	5.12840E+06	1.06570E+07	1.13518E-02
0	8.52914E-04	1.96353E-07	2.74183E-04	7.16692E+15	1.20026E+06	1.90835E+07	3.19596E-03
100	8.52505E-04	8.30089E-07	2.76567E-04	7.17036E+15	5.07414E+06	1.89099E+07	1.33817E-02
